personName,birth_date,age,email_address,phone_number,address,city,state,zip
"Kelvin Harber",1961-06-07,64,noel.morar@gmail.com,740.830.5195,"52985 Glen Burgs",Toyport,"New Brunswick","A4E 0E4"
"Tyron Collier",1961-04-05,64,jarod.wiegand@yahoo.ca,280.271.0108,"179 Melonie Forks","South Noellabury","Prince Edward Island",E2E7P8
"Sharmaine Schamberger",1961-06-15,64,gerard.carroll@hotmail.com,"(560) 754-9605","1962 Schuster Viaduct",Thompsonstad,"New Brunswick",E6R7R3
"Guadalupe Davis",1961-03-28,64,rayford.veum@gmail.com,1-116-337-2569,"429 Walker Tunnel","Port Nichelleport",Ontario,X0P2A8
"Hal Frami",1961-05-07,64,doug.zieme@gmail.com,211-678-0761,"889 Mckinley Meadows",Carrollfurt,"Northwest Territories",T5T0T3
"Danika Rau",1961-10-07,64,barbar.langosh@yahoo.ca,813.312.5442,"73851 Rayna Summit","Port Waltonborough",Nunavut,B1R9T4
"David Mante",1960-11-30,64,silvana.mosciski@yahoo.ca,"(750) 316-5024","7887 Suellen Spring","North Brantside","Northwest Territories","A6S 9A5"
"Florencia Willms",1961-02-21,64,shelley.mills@yahoo.ca,1-072-740-3085,"27731 Leola Villages",Paucekport,Alberta,V6J7B3
"Megan Cremin",1961-10-21,63,alonso.kutch@hotmail.com,"(682) 094-6797","41616 Bednar Passage","West Ken",Ontario,X7C0A6
"Bethann Goyette",1961-11-07,63,doug.schimmel@hotmail.com,"(936) 620-9516","2790 Dewitt Isle",Theoview,"Newfoundland and Labrador","R9X 6B0"
"Natisha Haley",1961-11-01,63,leigh.bednar@yahoo.ca,136-490-3660,"138 Pamula Alley","East Roberto",Nunavut,"C0E 1E7"
"Jame Parisian",1962-10-13,63,coralee.ritchie@gmail.com,532-505-2304,"3749 Corkery Trafficway","Port Bethfurt",Yukon,B5B5Z1
"Elizabeth Hessel",1962-05-03,63,agnes.graham@gmail.com,"(456) 275-2389","924 Rashad View",Kesslerbury,Saskatchewan,"V6L 0P5"
"Donovan Hermiston",1962-06-12,63,mario.toy@gmail.com,"(986) 452-9132","2212 Collier Mission","East Tianna",Ontario,X7T7E2
"Daphine Kerluke",1962-07-28,63,gregoria.walker@gmail.com,1-413-265-8275,"3676 Tamica Keys","Lake Harley",Ontario,V5M1J5
"Sana Heidenreich",1962-04-25,63,caroline.zemlak@gmail.com,1-467-538-4605,"20583 Stefan Neck",Hillsview,"Nova Scotia","Y3P 3X1"
"Jackelyn Botsford",1962-04-13,63,quyen.dicki@yahoo.ca,439.758.7487,"06419 Benito Isle","Lake Gay",Nunavut,P9N1P5
"Leo Franecki",1962-03-14,63,lien.anderson@yahoo.ca,1-041-360-8667,"953 Lakenya Course",Hudsontown,"Prince Edward Island",R9B3E1
"Florance Treutel",1962-04-01,63,margarette.bogisich@gmail.com,928-046-7648,"39596 Eric Vista","East Cira",Manitoba,"E1P 6E8"
"Rozanne Padberg",1962-02-11,63,orval.lemke@hotmail.com,1-735-421-1463,"5400 Gutmann Spurs","East Stanfordbury","New Brunswick","B8E 1W2"
"Byron Heaney",1962-09-05,63,rochell.reichel@hotmail.com,1-394-782-9957,"473 Janet Plains",Calvintown,"Newfoundland and Labrador",E9C1Y9
"Ja Lindgren",1963-05-29,62,chester.ritchie@gmail.com,"(326) 113-9717","6777 Schiller Trail",Carrollhaven,Alberta,"X2K 4B8"
"Audrie Shields",1963-08-14,62,lyndon.bernhard@hotmail.com,873-443-6287,"2094 Schumm Grove","Lake Adellafort","New Brunswick",P7L1Z4
"Gavin Jerde",1962-12-14,62,darwin.towne@hotmail.com,888-953-3457,"13171 Haley Pike","West Brendon",Saskatchewan,V9E0Y2
"Kurt Friesen",1963-02-18,62,domenic.klein@hotmail.com,691.352.2359,"946 Mickey Road","New Bernieview",Alberta,P8P6E9
"Randy Nolan",1963-07-31,62,zandra.nicolas@gmail.com,682-360-1073,"062 Annie Crossing","South Thomasside","Newfoundland and Labrador","E9P 8P5"
"James VonRueden",1963-01-22,62,felix.ernser@yahoo.ca,"(504) 666-9811","82795 Jalisa Center",Rheafurt,"Northwest Territories","V3C 8P6"
"Leroy Jast",1964-08-25,61,tatyana.schaefer@yahoo.ca,433.800.8652,"98061 Maranda Gardens",Hellershire,Saskatchewan,"Y2S 6E2"
"Latina Yost",1964-09-07,61,rose.hagenes@yahoo.ca,1-827-761-9964,"52191 Ehtel Hills","West Robt",Yukon,"K4M 6P8"
"Kati Bruen",1964-06-19,61,virgilio.sawayn@yahoo.ca,216-329-2110,"4360 Nereida Forest",Gerholdport,"Newfoundland and Labrador",X3E0C4
"Lazaro Blick",1963-12-07,61,velda.jacobi@hotmail.com,1-175-138-5715,"64666 Botsford Junctions","South Enrique",Quebec,"B6A 8E1"
"Afton Langworth",1964-04-17,61,arianna.kulas@hotmail.com,898-844-9421,"395 Mohr Islands",Lindgrentown,"Northwest Territories",S9M3Z8
"Orville Franecki",1964-03-19,61,khadijah.kilback@yahoo.ca,385-502-3742,"10275 Yost Mountains","Lake Alethaport",Nunavut,P4T5E9
"Alaine Greenfelder",1964-08-27,61,azucena.hyatt@yahoo.ca,764-091-5095,"87427 Sheldon Plaza","New Young","Nova Scotia","K1A 7E8"
"Cristopher Buckridge",1965-04-26,60,mohammad.rosenbaum@yahoo.ca,723.675.4782,"6097 Schulist Plaza","South Orval","Nova Scotia","X8E 1T6"
"Charlena Kunze",1965-05-31,60,jay.witting@gmail.com,"(551) 305-5715","3136 Wyman Radial","South Clair","British Columbia","N1B 1E3"
"Brian Shields",1965-08-23,60,ta.dibbert@yahoo.ca,465.083.2348,"654 Nitzsche Shores","North Roxanne","Prince Edward Island","E1Z 8P5"
"Brigette Von",1965-08-28,60,eliz.russel@gmail.com,394-448-5883,"3734 Wisoky Viaduct","Port Dorinda",Saskatchewan,E9E9P3
"Izetta Rice",1965-04-28,60,cathrine.breitenberg@gmail.com,062-082-4214,"270 Rob Tunnel",Sundaytown,"New Brunswick","E9J 2X4"
"Olivia Cruickshank",1966-06-27,59,rosendo.funk@yahoo.ca,734-129-8551,"062 Brakus Spur",Gregoryville,Nunavut,T0P6V9
"Mariel Schmeler",1966-09-24,59,vanessa.gorczany@hotmail.com,629.808.6895,"8338 Runolfsson Fall",Effertzmouth,Quebec,"Y2A 4L3"
"Valentin Schinner",1966-08-22,59,jimmy.goyette@gmail.com,007-565-9747,"6440 Kuhic Islands","North Corineburgh",Ontario,V5S7T4
"Cari Thiel",1966-03-30,59,hermelinda.purdy@hotmail.com,"(840) 722-6774","113 Maryjo Dale",Wizaborough,Yukon,"V9E 9P1"
"Weston Ward",1966-08-29,59,sammy.frami@hotmail.com,"(952) 966-7033","35064 Ferdinand Tunnel","South Rina",Saskatchewan,E1R2J8
"Omer Yundt",1966-06-04,59,jerrod.anderson@yahoo.ca,1-487-771-0917,"6781 Nakisha Islands","South Dorianport",Yukon,E0P2P9
"Berry Johnson",1967-08-04,58,lou.lubowitz@hotmail.com,"(588) 284-2583","7261 Langosh Valley","West Candy","Nova Scotia","Y5J 6P2"
"Mi Ortiz",1967-05-29,58,trey.rohan@yahoo.ca,"(698) 789-6310","65765 Cassin Spur","North Clementberg",Alberta,E6B0P2
"Enrique Friesen",1967-07-02,58,ahmad.davis@yahoo.ca,"(519) 061-9907","6219 Kautzer Squares",Adamsshire,Nunavut,Y3Z4B3
"Susie Mosciski",1967-08-20,58,ken.larson@yahoo.ca,168-892-9187,"883 Kozey Springs","West Necole","British Columbia","R5T 3E2"
"Maragret Hilpert",1967-11-06,57,steven.vonrueden@gmail.com,338-734-0684,"517 Kling Prairie",Soniashire,"Newfoundland and Labrador","J5J 2C2"
"Wilford Kiehn",1968-05-22,57,lucio.hilpert@yahoo.ca,217-298-8641,"25319 Sipes Street","West Ed",Alberta,"V7A 9M9"
"Audria Raynor",1968-07-05,57,neville.mcdermott@yahoo.ca,"(750) 330-8075","280 Earnest Islands","East Garrettfurt",Yukon,"V2P 2W1"
"Michaela Schumm",1967-12-22,57,jeff.oberbrunner@gmail.com,1-192-692-4963,"50838 Langworth Center","South Justin",Alberta,V5P2Z6
"Kyoko Wisozk",1969-08-04,56,shon.morar@hotmail.com,"(551) 184-1464","753 Tyler Mews","Port Nestorchester","Nova Scotia","V8C 8C8"
"Rodolfo Reilly",1969-02-06,56,lavonia.hayes@hotmail.com,161.472.2418,"309 Jacobson Square","Port Levi","Prince Edward Island","V7T 7R1"
"Arleen Veum",1969-05-28,56,vena.douglas@gmail.com,"(873) 485-4918","08699 Muoi Corners",Hamillside,"Northwest Territories",A6C9E7
"Seema Reilly",1969-07-29,56,ahmad.bayer@hotmail.com,"(338) 976-1967","65383 Satterfield Cove",Gradyport,"Prince Edward Island","Y6Y 7E8"
"Melda Nader",1970-07-24,55,wendi.price@hotmail.com,"(129) 322-7024","0130 Roger Square",Denesiktown,Alberta,"V9C 7B6"
"Santana Halvorson",1970-06-09,55,gilbert.kunde@gmail.com,1-419-324-9456,"601 Cassandra Lakes","North Santana",Manitoba,V0E1T2
"Joie Kozey",1969-11-05,55,tennie.abernathy@hotmail.com,"(750) 987-2518","2613 Vannesa Place",Sheenaside,"Nova Scotia",V7Y8K2
"Kayleen Paucek",1970-09-02,55,margie.purdy@gmail.com,990.006.8594,"61722 Fallon Estates","East Sam",Ontario,A9T2P4
"Mervin Boyer",1970-02-19,55,jenine.durgan@hotmail.com,009-634-7976,"46550 Elisha Corner",Manshire,Yukon,M3S5J3
"Karly Hamill",1970-10-09,55,sonny.dach@hotmail.com,1-739-547-5370,"1450 Angelia Well",Corkerymouth,Nunavut,J3P7Z6
"Minerva Davis",1970-01-14,55,hubert.mertz@gmail.com,633.877.2169,"17931 Kiehn Plaza",Hillsmouth,"Northwest Territories",E3T9P3
"Dakota Mosciski",1969-11-02,55,dorie.kilback@gmail.com,320.231.6683,"271 Lang Keys",Kihnburgh,"Prince Edward Island","X0L 8E5"
"Nathalie Blick",1971-08-21,54,quinton.goldner@yahoo.ca,067-768-7515,"92916 Jarod Row","North Joshuachester","Prince Edward Island",R5Z0K0
"Darrin Lehner",1970-12-11,54,alden.anderson@gmail.com,"(917) 862-5044","3414 Jacqueline Fort","West Wilburnview","New Brunswick",Y9S7J5
"Morgan Gorczany",1971-01-14,54,eloy.leuschke@hotmail.com,238-403-8366,"8269 Hubert Loop",Johnsonland,"British Columbia",V2K6E4
"Tish Weissnat",1971-01-12,54,lou.sawayn@yahoo.ca,1-194-062-2013,"2593 Xavier Mission","South Boyce","Northwest Territories","T9L 5E8"
"Weston Prosacco",1971-06-01,54,andy.luettgen@gmail.com,135-516-9059,"4642 Gutmann Curve",Bernieceview,Saskatchewan,P3C9K2
"Laura Adams",1972-03-18,53,gene.mills@gmail.com,1-491-718-9870,"67415 Cole Mill",Schinnerview,Saskatchewan,E9X7B7
"Rossana Wyman",1971-12-07,53,jacob.zboncak@hotmail.com,896-117-4618,"11729 Mohammad Square","Lake Herb","Northwest Territories","P0Z 9C2"
"Gregg Jones",1972-09-23,53,kristin.rowe@yahoo.ca,138-221-9310,"76556 Kevin Plaza","Lake Renato","Prince Edward Island",R1L1W5
"Adelaida Mitchell",1972-11-10,52,ferdinand.hickle@yahoo.ca,"(313) 276-4493","39915 Cruz Plains","North Alleen","Prince Edward Island",P4E3R2
"Cindie Weimann",1973-05-24,52,nicky.green@hotmail.com,1-156-468-6260,"391 Bauch Views","North Nigel",Yukon,"A9L 1V5"
"Verla Romaguera",1973-02-01,52,estela.pouros@gmail.com,405-609-0205,"412 Schuppe Square",Reichelshire,"British Columbia","S6B 1P9"
"Trevor Dare",1973-03-28,52,georgeanna.steuber@hotmail.com,"(987) 496-6214","790 Yolando Falls",Shainahaven,Saskatchewan,"Y1J 0P8"
"Darrick Bednar",1973-07-20,52,phung.kuphal@gmail.com,107-009-7116,"1692 Batz Common",Dennyhaven,Alberta,"V7B 3B5"
"Martina Koss",1974-09-29,51,suzanne.becker@yahoo.ca,1-392-207-6034,"4004 Vandervort Radial",Bashirianbury,Saskatchewan,"P2R 0Y3"
"Judi Carroll",1974-01-04,51,stephen.mraz@hotmail.com,1-713-698-1552,"966 O'Connell Bypass","West Ricochester","Prince Edward Island",V1E8R9
"Sybil Hand",1974-02-24,51,leonida.oreilly@gmail.com,292.660.4537,"199 Kilback Rue",Anitafort,"Prince Edward Island",A4P4Z5
"Emery O'Reilly",1974-01-29,51,terri.schmitt@yahoo.ca,143-096-0337,"8709 Erich Island","North Sethfort","New Brunswick",E3Z2C1
"Blake Pagac",1975-04-02,50,wyatt.nitzsche@yahoo.ca,639.838.5391,"0965 Liz Spring","North Basiliaberg","British Columbia","V3M 1K4"
"Russ Wintheiser",1975-10-13,50,terrell.mayert@hotmail.com,"(396) 345-8334","874 Karen Gardens",Jennifermouth,Quebec,"V7A 7A9"
"Evan Stanton",1975-05-21,50,danielle.davis@gmail.com,"(341) 494-5062","2406 Kuphal Greens",Botsfordfurt,"Nova Scotia",P7L5P2
"Blythe Cruickshank",1975-05-25,50,edwardo.runte@hotmail.com,027.795.4793,"077 Loyd Row",Langport,Saskatchewan,S4E1S7
"Maricruz Russel",1975-02-08,50,dionna.boyer@gmail.com,224-633-5017,"2622 Jenkins Shores","New Oren",Manitoba,"V5C 9T0"
"Tonette Ryan",1975-06-23,50,boris.hodkiewicz@yahoo.ca,"(870) 958-4322","2482 Torphy Junction","South Cameliafurt",Nunavut,P8Z7Y6
"Lionel Buckridge",1976-04-17,49,charlie.cruickshank@hotmail.com,"(426) 002-1986","5070 Keeling Oval",Jaton,Alberta,V5A1V3
"Ronnie Ullrich",1977-06-04,48,dexter.quitzon@gmail.com,1-981-944-7050,"7372 Larry Parks","Port Deirdremouth",Quebec,"P9S 6E8"
"Andreas Torphy",1977-01-18,48,francina.ritchie@gmail.com,127-119-0486,"9493 Nolan Trace","North Ramon","Prince Edward Island",P2N3B9
"Lynetta Haley",1977-09-14,48,charita.senger@gmail.com,1-005-711-2839,"8805 Sidney Terrace","Port Kristy","Newfoundland and Labrador",N5K9R3
"Darnell Reynolds",1978-10-12,47,deandre.tremblay@gmail.com,1-800-163-7169,"040 Janis Harbors",Hillsfurt,"Northwest Territories",T2P8E4
"Iva Wolf",1978-02-20,47,rashad.littel@hotmail.com,617-716-4323,"4423 Claretha Spring",Thielbury,Yukon,P1R6J0
"Talisha Howe",1977-12-31,47,lindsey.christiansen@yahoo.ca,143.748.9604,"14126 Donnelly Station","West Yoshie","Northwest Territories","V9S 2T5"
"Franchesca Hodkiewicz",1978-10-05,47,mitsue.collins@hotmail.com,382-540-3620,"81120 Runolfsson Fall","Port Lorretta",Manitoba,V1V5B3
"Carmelia Runolfsson",1978-01-02,47,gilbert.shanahan@yahoo.ca,183.048.2100,"74512 Rosemary Branch",Brucefurt,"British Columbia","N4S 9M7"
"Christoper Stracke",1978-06-30,47,golden.upton@gmail.com,339-376-9715,"12738 Jeffery Station",Lillytown,Manitoba,J8T7W7
"Rosalia Schuppe",1977-10-31,47,karyl.mueller@gmail.com,1-896-475-5209,"843 Feest Lakes","West Jerry","Prince Edward Island",P3E9E0
"Amee Grant",1978-09-04,47,blair.bins@yahoo.ca,612-735-5969,"5607 Warner Road","Lake Valda",Ontario,"L1A 1Z9"
"Tawana Torphy",1977-11-15,47,quentin.considine@gmail.com,"(433) 520-8557","6510 Herman Drives","South Leandro",Ontario,"E4C 2T6"
"Melina Heidenreich",1978-09-25,47,lorene.kovacek@yahoo.ca,"(716) 374-2816","2743 Myles Course","East Candyceborough","Northwest Territories","V2B 5C7"
"Jewel Littel",1979-06-14,46,genaro.dach@gmail.com,403-177-8993,"83159 Mayert Village",Westhaven,"Newfoundland and Labrador",E0C9S6
"Nina Russel",1979-07-02,46,abdul.moore@hotmail.com,1-439-472-5129,"3105 Johnnie Alley","South Isiah","Nova Scotia",X6N5P4
"Manual Krajcik",1979-10-11,46,michel.cole@gmail.com,338.720.7269,"66338 Cleotilde Spring","North Cherlyn",Quebec,T1E3P5
"Alejandra Altenwerth",1978-10-19,46,stanford.effertz@yahoo.ca,1-487-004-1772,"311 Doris Stream","Lake Leola",Manitoba,"V3R 4E6"
"Tien Schulist",1979-01-16,46,mauro.wilderman@hotmail.com,709-695-5406,"081 Tromp Causeway","Lake Isidro",Manitoba,"E6P 5R8"
"Denis Pollich",1978-11-18,46,shon.roberts@gmail.com,"(959) 150-0182","43734 Reinger Springs","East Mayme","Nova Scotia",K8K8S5
"Ashleigh Koch",1979-10-08,46,ivory.becker@gmail.com,1-014-230-4834,"18187 Glover Lane","Port Zenaberg","Nova Scotia",T0Y2P3
"Jon Osinski",1979-09-10,46,ted.rau@hotmail.com,606-032-7027,"8004 Crooks Radial",Wunschton,"British Columbia","E4T 6A0"
"Trent Baumbach",1980-05-07,45,verna.murray@yahoo.ca,023-808-7111,"043 Beahan Summit",Roseanneland,Yukon,Y9B4P4
"Alycia Macejkovic",1980-03-12,45,laree.shanahan@hotmail.com,583-333-2355,"8269 Theodora Isle",Karlynbury,Quebec,N1E1E3
"Harold Grady",1980-01-13,45,rickey.marks@yahoo.ca,602-982-4548,"456 Ryan Road","South Angelo",Quebec,"P5S 1P7"
"Ma Beier",1980-03-22,45,justa.schiller@gmail.com,711.391.1660,"7249 Brande Valleys","East Johnathonshire",Nunavut,Y4E4E8
"Grant Johnson",1979-11-29,45,martina.lynch@hotmail.com,1-877-977-5742,"47870 Ross Locks",Susannebury,"Nova Scotia","V5E 4P4"
"Sana Hane",1980-04-17,45,gerard.douglas@yahoo.ca,1-297-210-0334,"80407 Haley Hollow",Lareestad,Quebec,"P8R 1E3"
"Kristeen Marvin",1980-05-17,45,dinorah.zboncak@yahoo.ca,"(476) 909-0911","50477 Lashanda Pine","Lake Duncan","New Brunswick","Y6R 7J1"
"Melvin Langosh",1981-03-02,44,shanta.daniel@hotmail.com,481-762-1059,"79258 Sharla Rest",Ashliemouth,Alberta,"R3L 6S7"
"Vernie Pfeffer",1981-10-11,44,fredricka.rath@yahoo.ca,"(968) 004-5901","54683 Sporer Pine",Schneidermouth,Ontario,E1M5E2
"Mathilde Will",1980-12-13,44,ivy.hahn@gmail.com,911.178.4768,"0812 Elbert Glens",Corwinstad,Yukon,X2R2V8
"Efren Jacobs",1981-09-24,44,melodie.oconner@gmail.com,143.063.2177,"32660 Jared Island",Mosemouth,"New Brunswick",X7E4P5
"Fredia Raynor",1980-11-21,44,micheal.mckenzie@hotmail.com,1-252-268-7919,"20309 Misti Throughway","North Adolphtown",Manitoba,"E6E 3E5"
"Mason O'Conner",1981-05-19,44,carlie.daniel@yahoo.ca,"(611) 491-7648","749 Myrtis Inlet","East Tyree",Alberta,"E7E 9S4"
"Terrilyn Volkman",1982-08-01,43,yvonne.cummerata@gmail.com,184-770-6347,"6796 Durgan Mountains","North Shannonberg","New Brunswick","V7J 3L0"
"Verna Howe",1982-06-19,43,mckinley.hudson@hotmail.com,609-800-6556,"160 Hand Village",Schillerton,Yukon,"N9Y 4K5"
"Marilu Kuhlman",1982-01-16,43,jules.gerhold@hotmail.com,"(394) 288-7876","7780 Kent Land",Eulahville,"Nova Scotia","M7T 5C6"
"Alvina Crooks",1983-02-07,42,nanci.yost@gmail.com,273.955.9282,"54248 Schuster Loaf",Hirthechester,"British Columbia","L6S 5N8"
"Leigh Pfeffer",1982-10-20,42,cory.wisoky@hotmail.com,"(920) 613-6703","758 Kenny Prairie",Cummerataburgh,"Northwest Territories",V2X8J9
"Morris Corkery",1983-03-31,42,sebrina.jaskolski@yahoo.ca,453.511.2821,"6562 Reichert Oval",Larsonstad,Quebec,C4T7V4
"Brock Gulgowski",1983-01-30,42,claribel.goodwin@gmail.com,482-239-5805,"26595 Moen Springs",Machaven,Yukon,V1P8R0
"Afton Boyle",1982-11-01,42,lavada.kemmer@hotmail.com,1-955-534-4870,"447 Alonzo Landing","North Nohemi","British Columbia","Y8N 0K2"
"Eusebio Witting",1983-05-23,42,darlene.mante@gmail.com,1-670-348-1872,"312 Sharda Lodge",Luanneside,"Nova Scotia",E9E5P5
"Coretta Altenwerth",1982-12-28,42,roselyn.baumbach@hotmail.com,1-023-154-0629,"825 Alida Route","New Erma","Prince Edward Island","E4C 6P8"
"Vera Kreiger",1983-10-09,42,ema.waelchi@yahoo.ca,271-203-0847,"700 Sylvie Mews","South Samuelfurt",Yukon,E0P6Y1
"Shelby Halvorson",1984-04-02,41,nelson.koch@yahoo.ca,674.073.5593,"745 Shakira Stream",Lawerencechester,Quebec,V4A9C6
"Lyle Kiehn",1983-12-05,41,tasha.stoltenberg@yahoo.ca,638-839-8473,"51599 Berry Light","Port Parismouth",Yukon,"V0B 9R9"
"Junie Brakus",1984-01-16,41,renna.breitenberg@gmail.com,1-678-137-5732,"142 Funk Hill",Thielton,Quebec,"E4T 3T2"
"Efren Schuppe",1984-02-29,41,mohamed.beer@yahoo.ca,445-455-7856,"349 Russel Groves","Lake Everett","Newfoundland and Labrador","E4P 1P2"
"Corrinne Gutkowski",1984-12-11,40,shon.tillman@hotmail.com,949-160-6604,"52424 Kareem Branch","Lake Bok","Northwest Territories",E2Y8T9
"Devon Nolan",1985-07-02,40,alphonso.beer@gmail.com,1-324-614-1766,"963 Farrell Lodge",Turcottechester,Manitoba,"T8E 1J1"
"Terrence Stroman",1985-02-01,40,rufus.lesch@hotmail.com,113.113.6980,"314 Sharlene Loaf","Lake Darron",Ontario,P7P2E0
"Mickey Yundt",1984-12-24,40,diann.ledner@yahoo.ca,"(348) 029-9778","57348 Sandy Creek","East Julian",Quebec,V0C7Z9
"Mac Cummings",1985-02-21,40,frederic.price@gmail.com,203.848.3086,"86782 Luettgen Ridge","Lake Nan",Quebec,"S2P 2V6"
"Israel Hilpert",1985-09-18,40,sidney.hintz@hotmail.com,595-860-5928,"932 Shameka Brook","East Cristobalchester",Quebec,"A7P 0P9"
"Suzanne DuBuque",1985-03-06,40,saturnina.durgan@yahoo.ca,141-230-6226,"41557 Elliott Ports","New Derrick","British Columbia",J1B5T7
"Dick Hayes",1986-07-12,39,donn.renner@yahoo.ca,976.684.8421,"63029 Heller Radial",Padbergshire,"Nova Scotia","P0B 3E3"
"Clay Windler",1985-11-26,39,dedra.leffler@gmail.com,"(487) 242-9266","369 White Trail","Port Corinne","Prince Edward Island",C5L2A6
"Cynthia Botsford",1986-08-12,39,shakita.bayer@gmail.com,1-525-691-4578,"0379 McClure Mews",Borermouth,"Prince Edward Island","P8P 9A6"
"Amos Prosacco",1985-12-14,39,isreal.grimes@hotmail.com,"(795) 849-6241","16674 Haley Mountain",Satterfieldview,"Prince Edward Island",J9N2M9
"Hung Legros",1986-03-19,39,danica.goodwin@hotmail.com,934-220-5062,"23410 Erlene Common","New Troyburgh","Nova Scotia",X3P3P7
"Keri Moen",1985-12-18,39,alfreda.hamill@yahoo.ca,1-038-422-5496,"7512 Mammie Island","Lake Marcellus",Alberta,"L2L 2E0"
"Albert Torphy",1985-12-27,39,jamal.harvey@yahoo.ca,"(249) 708-1137","588 Denisha Garden",Jacobshaven,"Nova Scotia","E9N 6E5"
"Jarod Lebsack",1986-03-19,39,madlyn.upton@hotmail.com,"(305) 761-3516","0204 Son Throughway",Rebaview,Alberta,C6J6M1
"Stevie Windler",1986-06-17,39,lurlene.casper@yahoo.ca,984-726-7011,"269 Rufus Islands","South Donaldborough","Northwest Territories",T2C6Y1
"Regine Schamberger",1987-01-03,38,jarrod.larson@gmail.com,"(574) 064-1297","6596 Nitzsche Valleys",Terrenceberg,"Prince Edward Island",P4S6X7
"Stanton Pfeffer",1987-01-15,38,porter.lesch@hotmail.com,382.081.7798,"1043 Stanton Ferry","North Lenna",Yukon,A7C5W0
"Jaye Kessler",1987-10-07,38,mason.stanton@gmail.com,"(854) 755-6636","83116 Isis Views","Lake Lauren","Northwest Territories","E0A 9S0"
"Matthew Wilkinson",1987-07-06,38,lecia.conn@yahoo.ca,842-718-8617,"194 Sauer Prairie","Port Shawna",Manitoba,"J0P 0E0"
"Emanuel McLaughlin",1988-07-09,37,janene.king@gmail.com,874-832-1248,"709 Oda Shoal",Walkerton,Ontario,S6Y4R7
"Magdalen Bernier",1988-02-19,37,pierre.dickinson@hotmail.com,129.438.4861,"3430 Mosciski Prairie","Port Kerri","Prince Edward Island","V3E 1P2"
"Rupert Barrows",1988-09-12,37,kory.vonrueden@yahoo.ca,261-611-5117,"065 Ryan Pass","West Shannan",Yukon,E4A0Y4
"Tanisha Pouros",1988-05-04,37,larry.von@hotmail.com,1-141-095-9343,"3323 Durgan Centers",Stefanside,"British Columbia",Y9P6B3
"Byron Witting",1987-11-07,37,ruthann.rath@hotmail.com,"(317) 932-3911","80501 Gretta Harbors",Toddbury,"British Columbia","B4M 1J7"
"Stanford McGlynn",1988-08-09,37,freeman.bartoletti@gmail.com,071-835-1735,"4072 Turcotte Crest","East Maynard",Nunavut,"B6P 6M9"
"Graham Lind",1989-07-07,36,walter.reinger@yahoo.ca,1-070-273-5758,"491 Flatley Trail",Bednarmouth,"Newfoundland and Labrador","V4P 2S9"
"Brent Jenkins",1989-08-20,36,ashley.runolfsson@yahoo.ca,621.826.5080,"1286 Lashonda Common","North David","Nova Scotia",J9X3V5
"Michale Hansen",1989-04-19,36,franchesca.sawayn@gmail.com,798-177-1464,"059 Beahan Drives",Tawandaside,Quebec,X9R9T7
"Elma Bechtelar",1989-05-14,36,adolph.wolf@yahoo.ca,1-284-633-5657,"3985 Luettgen Curve",Kathrynburgh,Alberta,"Y2X 9K8"
"Paula Kuvalis",1989-04-25,36,maria.adams@gmail.com,"(628) 224-5544","9026 Fisher Oval","South Hortensia",Manitoba,"R6M 0L7"
"Daron Wyman",1989-08-10,36,raleigh.will@yahoo.ca,"(662) 006-7063","39240 Orn Isle",Jarvisside,Nunavut,V6X1A5
"Burton O'Hara",1989-06-24,36,deidra.damore@gmail.com,"(738) 797-4874","059 Botsford Greens","East Jamel","British Columbia","B4P 4R8"
"Tawnya Gutkowski",1989-05-07,36,denny.daniel@yahoo.ca,785.382.9187,"91888 Keeling Ranch","New Koryside","British Columbia","V0P 4Z9"
"Hai Halvorson",1990-07-20,35,lavonne.cruickshank@yahoo.ca,"(189) 292-5382","43650 Erdman Spur",Hartmannmouth,Saskatchewan,X2E7E7
"Pasquale Blick",1990-07-25,35,juliet.stiedemann@gmail.com,1-406-704-0060,"8023 Parisian Hill",Hildegardview,"Newfoundland and Labrador",V7K6V1
"Harvey Yundt",1990-10-02,35,robin.pacocha@gmail.com,"(600) 575-4329","9523 Lu Orchard","Port Lorrieport",Quebec,V3E4S9
"Blaine Lynch",1990-05-02,35,hai.upton@yahoo.ca,1-029-820-3044,"4324 Guillermina Crest","East Gwynburgh",Manitoba,L3X5R1
"Austin Wisoky",1989-11-14,35,ermelinda.bergnaum@hotmail.com,"(661) 241-9211","41906 Margene Spurs",Cletusfort,Yukon,"T0V 0Y9"
"Minh McCullough",1990-07-30,35,michiko.kihn@hotmail.com,1-108-226-0031,"6781 Elin Track",Rippinhaven,Ontario,P4E1E6
"Hassan Anderson",1990-01-21,35,dan.doyle@gmail.com,714-093-0347,"6616 Bednar Mountain",Temekafort,Yukon,"S8A 8C6"
"Trey Abbott",1990-09-09,35,magaret.schultz@hotmail.com,"(641) 679-4064","1426 Bins Vista",Lewisberg,Yukon,"V1C 2R5"
"Leif Wisozk",1990-04-18,35,corazon.gusikowski@gmail.com,"(823) 860-4721","038 Denna Parkways",Ziemannport,Alberta,"V3A 1A3"
"Lawerence McClure",1991-01-03,34,lauryn.kunze@yahoo.ca,1-966-601-6671,"87277 Spencer Fall",Kuphalbury,Saskatchewan,"X4B 3V1"
"Liz Langworth",1990-12-17,34,candyce.hilll@gmail.com,647-897-2695,"1758 Gaston Route",Auerberg,Nunavut,V4P4P5
"Lucienne Wisozk",1990-12-02,34,zora.cruickshank@yahoo.ca,828-492-6023,"132 Ozella Dale","New Garth","Nova Scotia",B4S7V9
"Shaina Hirthe",1991-03-12,34,jules.jakubowski@gmail.com,260-985-0501,"598 Keenan Villages",Hermanmouth,"Newfoundland and Labrador",E1E5P2
"Arthur Lang",1991-06-04,34,sean.satterfield@gmail.com,"(494) 674-6647","124 Mraz Grove","West Dwightside","Prince Edward Island",B2P2B0
"Mickey Pagac",1990-12-10,34,madelaine.hartmann@hotmail.com,372-543-3178,"595 McLaughlin Centers","New Donnieport",Nunavut,L4S8S2
"Donn Cronin",1991-02-23,34,giuseppina.okeefe@gmail.com,"(204) 817-7508","837 Salvatore Gateway",Kulasfurt,"British Columbia","K0T 0B4"
"Olympia Rogahn",1990-12-02,34,grover.hoppe@hotmail.com,077-398-0844,"30131 Corwin Drives",Ionebury,Manitoba,P7A3B2
"Christian Murray",1991-11-04,33,robbie.mraz@gmail.com,"(981) 533-6129","7043 Howell Center",Hackettmouth,Saskatchewan,Y3S7P9
"Millard Hartmann",1992-02-29,33,christene.hane@hotmail.com,1-390-064-6882,"364 Randall Bypass",Cyrilfurt,"British Columbia","X5S 4L5"
"Christin Leffler",1992-08-07,33,adalberto.reinger@gmail.com,"(978) 857-8512","2301 Parisian Road",Lakeshiaview,Quebec,E0S1R8
"Donovan Mohr",1992-04-02,33,michell.schiller@gmail.com,424.907.4563,"79827 Johnny Turnpike","South Patricia",Quebec,E5C7P0
"Lenita Hodkiewicz",1991-11-24,33,bella.hessel@yahoo.ca,1-644-892-6092,"16313 Hilll Ridge",Greenfelderberg,Yukon,"P8W 5M2"
"Troy Wuckert",1992-02-10,33,idell.simonis@gmail.com,1-373-358-1071,"729 Smitham Mill","North Suzanne",Alberta,"Y3E 5E4"
"Clinton Maggio",1992-02-29,33,zetta.muller@hotmail.com,"(598) 769-8267","8305 Orn Union","Lake Katiashire",Nunavut,"Y3Z 9Y7"
"Tam Waters",1993-06-05,32,darline.hills@yahoo.ca,1-174-411-6727,"70459 Kshlerin Harbors",Kuhicview,Yukon,P8S4Z5
"Freddie Osinski",1992-12-28,32,gonzalo.schumm@yahoo.ca,488-046-9022,"368 Terry Expressway",Vandervortchester,Alberta,R8P9R8
"Dortha Abshire",1992-12-26,32,jerome.ratke@gmail.com,"(746) 490-8101","067 Shanita Branch","West Reidview","Newfoundland and Labrador","L2P 0B9"
"Annamaria Wuckert",1993-02-25,32,jacinto.sawayn@yahoo.ca,088-976-6314,"44490 Mayer Turnpike","New Wilfredo",Yukon,"E4R 7A0"
"Roselia Koch",1992-11-21,32,aaron.watsica@gmail.com,059.496.3110,"780 Braun Run","North Danicashire",Manitoba,E9B2P4
"Holly Hand",1993-04-19,32,elliot.block@gmail.com,"(666) 107-5153","0828 Houston Hills","West Maratown","British Columbia",C5C7E5
"Marlon Koepp",1993-01-01,32,juli.paucek@gmail.com,243.661.5752,"12446 Kunde Skyway","Lake Willieburgh","New Brunswick","X1A 4R3"
"Angla Bayer",1994-07-29,31,marlin.cole@yahoo.ca,"(468) 719-1725","5343 Regan Alley",Grahamberg,"Newfoundland and Labrador","M7E 7B2"
"Gaynelle Reilly",1994-09-06,31,christoper.ledner@gmail.com,"(130) 222-9291","4980 Oberbrunner Roads","South Michealton",Yukon,P6Z4Z4
"Tana Pfeffer",1994-03-24,31,heath.johnson@yahoo.ca,949-755-6983,"4063 Josiah Trail","West Alejandra","New Brunswick",L2A4J7
"Shakita Mills",1994-07-31,31,delmer.bergnaum@yahoo.ca,"(036) 665-7618","06510 Walsh Road",Klingfort,Saskatchewan,"B6E 2M3"
"Sol Hauck",1994-04-08,31,annmarie.frami@hotmail.com,"(633) 238-1303","57698 Barrows Knolls",Kunzeland,Alberta,"S9E 6C6"
"Seth Cartwright",1994-03-19,31,paris.herman@yahoo.ca,539-954-6878,"98703 Dion Freeway",Jesusitahaven,"British Columbia",R4M4T2
"Harvey Murray",1994-01-11,31,stewart.harris@yahoo.ca,1-647-598-0292,"184 Bianca Falls","West Forestborough",Ontario,M7N8V6
"Corene McDermott",1994-10-12,31,vonnie.okeefe@yahoo.ca,603-861-4741,"91036 Mills Common",Debraview,"Nova Scotia","K7B 2A8"
"Madison Tremblay",1995-03-01,30,raven.dubuque@gmail.com,315.282.6589,"21780 Oswaldo Stream","Port Giannashire",Alberta,E7R3P7
"Micheal Lang",1995-03-27,30,bee.bins@hotmail.com,1-868-527-6739,"31739 Schneider Valley","Port Zackarystad","Northwest Territories",Y3N4S2
"Maybelle Grant",1995-07-19,30,tim.okuneva@hotmail.com,931-537-5875,"9360 Stroman Stream","North Consuela",Nunavut,B8P4E0
"Van Runte",1995-07-03,30,bryanna.hyatt@gmail.com,844-379-9507,"27414 Goldie Springs",Rossanaburgh,"Northwest Territories","E2B 0M9"
"Karissa Ritchie",1995-01-16,30,bill.hane@hotmail.com,513.854.0093,"63099 Langosh Hills","Port Noellaland","Nova Scotia","S7C 3S9"
"Margarito Tromp",1995-04-16,30,jean.wyman@hotmail.com,579.772.5242,"38307 Janyce Grove",Klingborough,"Nova Scotia",V5J6W4
"Carline Bogisich",1994-11-12,30,laine.schuster@yahoo.ca,1-155-789-5279,"1883 Nicolas Mission","Port Alfonzoland",Nunavut,P5P4S3
"Randell Murray",1996-07-10,29,ellen.stanton@yahoo.ca,140-938-3177,"532 Sheree Well",Carlotaville,Ontario,A2P6N9
"Demetrius Ritchie",1996-06-25,29,lorraine.bernier@yahoo.ca,"(444) 941-7581","0418 Hoeger Coves",Harlanshire,"New Brunswick","K3X 6K9"
"Wallace Haag",1996-08-19,29,shameka.wisoky@hotmail.com,1-709-801-8501,"2415 Herzog Prairie","West Tiny","New Brunswick",E7C6E3
"Britney Fadel",1996-02-19,29,nathalie.reynolds@hotmail.com,"(843) 943-7783","20415 Kreiger Port","East Coltonmouth",Quebec,"E3E 2T6"
"Ali Zemlak",1996-02-09,29,glen.cremin@gmail.com,342.439.6903,"682 Upton Fall",Felipetown,"New Brunswick","X3Z 9E2"
"Antione Baumbach",1995-11-05,29,lillian.kris@hotmail.com,1-653-988-9545,"661 Gary Route","East Coretta","Prince Edward Island","B2W 3E3"
"Josiah Grady",1997-07-15,28,noelle.bergstrom@gmail.com,328-645-1959,"500 Quitzon Views",Erictown,"Prince Edward Island",P0J7Y9
"Fredia Dickens",1997-07-08,28,deandrea.skiles@gmail.com,"(211) 997-4105","660 Schaefer Walks","West Nakitaland","Nova Scotia","X8P 7J0"
"Lyman Smitham",1997-01-19,28,daryl.orn@yahoo.ca,708.949.9793,"1966 Kuhic Groves",Hamillside,"New Brunswick","P7V 4P2"
"Jerald Marks",1997-02-13,28,irvin.raynor@yahoo.ca,628.651.7660,"0012 Rosenbaum Road",Erinport,Ontario,"L9R 9S7"
"Shanice Ritchie",1997-02-04,28,dionne.dicki@gmail.com,1-607-741-8917,"071 Schuppe Crossing",Randallshire,"New Brunswick","E0J 1P2"
"Illa Yost",1997-08-18,28,julio.baumbach@yahoo.ca,"(277) 433-9603","69352 Daniele Rapids",Bartellside,Nunavut,N7E7C8
"Lilly Moen",1997-01-22,28,wallace.paucek@yahoo.ca,1-166-940-0735,"019 Osinski Hills","Port Ellismouth",Yukon,"Y3S 9T8"
"Laticia Swaniawski",1997-08-11,28,denisse.medhurst@hotmail.com,667-475-9778,"1810 Schoen Tunnel",Coreenchester,Saskatchewan,V6P8P8
"Kurt O'Kon",1997-09-15,28,dion.abshire@hotmail.com,679.117.5244,"682 Rebecka Extensions",Bodeland,"Newfoundland and Labrador",V5V2E8
"Latisha Mertz",1997-06-24,28,lucinda.cummings@yahoo.ca,1-140-827-5636,"86521 Genevie Terrace","South Estebanfort","Northwest Territories","X1E 6P2"
"Sammy Hane",1996-10-27,28,herschel.hodkiewicz@hotmail.com,"(830) 640-7129","19609 Lueilwitz Row",Lowellton,"New Brunswick","V9P 8S3"
"Cleotilde Gorczany",1997-01-29,28,joel.gibson@yahoo.ca,428-369-9205,"2130 West Hollow",Lonnyville,"Newfoundland and Labrador",E3C6P9
"Bradly Purdy",1998-02-20,27,zina.spinka@hotmail.com,650-247-3982,"0392 Darell Mill","North Colemanberg","Nova Scotia",X7M5E4
"Laverne Johnston",1998-05-02,27,hubert.lind@yahoo.ca,"(900) 840-8828","013 Watsica Port",Tariland,"Nova Scotia",T1K9R8
"Lanny Wilkinson",1998-05-18,27,tai.okeefe@yahoo.ca,"(454) 668-6724","079 Schowalter Manor","West Johnathon","Nova Scotia",P8M2E2
"Neoma Swift",1997-10-31,27,jules.jenkins@gmail.com,"(837) 353-1288","54740 Harber Neck","New Irvin",Quebec,"M7E 2J9"
"Seymour Farrell",1998-11-01,26,laree.hayes@hotmail.com,1-621-339-1444,"21846 Wehner Ford",Blakeshire,"Northwest Territories",E6L6K9
"Nga Kris",1999-08-15,26,jan.beier@hotmail.com,1-619-193-5400,"99986 Breitenberg Corner","Lake Derick",Alberta,B6P1K7
"Theron Runte",1999-03-28,26,chastity.mohr@gmail.com,910-234-0701,"4748 Rodriguez Cape",Geritown,"Newfoundland and Labrador",E2Z9E2
"Francisco Leannon",1999-01-08,26,rosaline.dach@hotmail.com,"(469) 641-1367","3947 Shields Views",Lukeside,"New Brunswick","C4X 5M9"
"Jen Hettinger",1999-07-23,26,mauricio.mcglynn@gmail.com,1-253-824-3860,"3973 Bosco Terrace",Swiftmouth,"British Columbia","V0N 1P4"
"Chassidy Upton",2000-08-25,25,flor.stokes@yahoo.ca,1-840-218-7083,"39629 Yolonda Square",Muiburgh,Alberta,"R7S 7K5"
"Jin Daugherty",2000-10-09,25,denny.connelly@hotmail.com,1-406-536-4350,"075 Tromp Creek",Katinatown,Ontario,"V7R 3K7"
"Lucrecia Schowalter",2000-02-07,25,ignacio.west@hotmail.com,1-795-780-5021,"154 Tonda Ridge",Romeoburgh,Saskatchewan,E8B5P7
"Lisbeth Weissnat",1999-12-19,25,kasha.schowalter@gmail.com,877-852-0543,"5740 Cartwright Walks",Marlineside,Ontario,"R7P 6C0"
"Telma Turcotte",2000-04-23,25,dusty.parker@hotmail.com,952.714.1910,"082 Predovic Mountain",Jontown,"Nova Scotia",E5R0J7
"Ingeborg Mohr",2001-08-29,24,virginia.feil@gmail.com,377-186-9926,"54796 Gisela Lodge",Ronville,Ontario,P9C3K5
"Brad Johns",2001-03-11,24,geneva.homenick@hotmail.com,724-228-3761,"986 Everett Pines","North Randall",Manitoba,"N5T 6P5"
"Donte Swift",2001-01-24,24,maple.kassulke@hotmail.com,"(747) 341-5745","31025 Bernardina River","West Pamella",Manitoba,S8E9P7
"Rob Streich",2001-03-12,24,miquel.donnelly@hotmail.com,"(648) 083-1753","00272 Fay Port","Port Loreeville","Prince Edward Island",A6P1E4
"Darell Wilkinson",2000-12-03,24,alfonzo.shields@yahoo.ca,1-315-844-1236,"98163 Lamonica Valley","West Armandstad",Manitoba,"V1E 2J2"
"Gilbert Borer",2001-02-01,24,sheridan.conn@yahoo.ca,372.121.5807,"247 Stark Dam","South Kitland",Quebec,"C2E 3P9"
"Errol Stark",2001-09-27,24,arlie.ullrich@yahoo.ca,901.183.5591,"47876 Satterfield Dam",Omertown,"Northwest Territories","Y5N 4E6"
"Karoline Strosin",2002-07-10,23,phung.boyle@hotmail.com,1-034-742-4940,"3551 Henry Mills",Blockstad,Alberta,V9P7J3
"Kandy Kris",2001-11-13,23,niesha.ernser@hotmail.com,1-234-764-4399,"4379 Kozey Land","West Gale",Alberta,"E7Z 1L2"
"Ezra Rosenbaum",2001-12-18,23,marylin.tromp@gmail.com,1-792-557-6003,"90005 Maxwell Walk","South Denisse",Nunavut,P4P9A1
"Linsey Wunsch",2002-04-21,23,kyle.ritchie@gmail.com,1-556-446-8699,"2295 Keeling Junction","North Janayfort","New Brunswick","C4C 3E3"
"Cristi Lubowitz",2002-09-04,23,johna.hagenes@yahoo.ca,1-523-123-4323,"58051 Larson Lights","New Isidroberg",Manitoba,"V9P 2A4"
"Cole Konopelski",2002-01-06,23,earlene.miller@gmail.com,1-104-757-7668,"48731 Travis Parkway",Gradyton,Nunavut,S4T9E5
"Craig Marvin",2002-06-14,23,portia.torp@hotmail.com,518.704.3562,"20446 Quincy Summit",Markborough,Ontario,"E8A 4A3"
"Cordelia Lindgren",2002-05-30,23,kimberli.mckenzie@yahoo.ca,1-141-870-0318,"111 Olin Prairie","East Wilmer","New Brunswick","E6E 7L0"
"Cyrus Terry",2003-02-23,22,muoi.keebler@gmail.com,1-748-684-2305,"79512 Ullrich Track",Feeneyside,"New Brunswick",X8B7C3
"Lesia Sipes",2003-04-12,22,alton.gleichner@hotmail.com,504.131.6668,"2872 Gislason Gardens","East Shaeland","Prince Edward Island","P3E 2Z9"
"Roderick Blanda",2003-06-12,22,hector.shanahan@yahoo.ca,1-370-052-9360,"89151 Warren Loaf","East Patsy","British Columbia",B0V1W2
"Gertrude Bins",2003-02-20,22,kenton.gutkowski@gmail.com,310.065.7797,"4650 Leuschke Garden","South Cherly","Newfoundland and Labrador",P5B5P1
"Alesha Schmeler",2003-09-06,22,gil.bednar@yahoo.ca,619.616.4956,"6797 Erasmo Forges","New Noahport",Quebec,E4E4V9
"Curtis Harris",2004-03-01,21,chere.cole@hotmail.com,"(461) 393-0508","4182 Sharla Lane","New Carrollmouth","Northwest Territories","A0J 0P7"
"Neoma Metz",2004-07-15,21,kim.robel@yahoo.ca,1-274-333-0022,"5304 Forest Spurs","East Keren",Alberta,"X4K 4P2"
"Kerrie Hettinger",2004-07-15,21,mickey.pouros@yahoo.ca,556-635-6885,"828 Filiberto Isle",Cummingston,"Newfoundland and Labrador","B4E 9J8"
"Joanna Sipes",2004-01-18,21,joellen.hagenes@hotmail.com,"(007) 817-3925","8042 Dickinson Groves",Gleichnerfurt,"Northwest Territories",B6L7W6
"Addie Little",2004-10-01,21,sydney.gaylord@yahoo.ca,646.375.7506,"4134 Stoltenberg Via","Lake Ismael",Yukon,"B8Z 4C9"
"Daron Mayert",2004-05-09,21,vernell.nienow@hotmail.com,817.043.1615,"720 Lockman Harbor",Vernettaborough,Ontario,E6C2E7
"Ryan Cole",2004-05-31,21,elmo.ward@gmail.com,647.571.8803,"92127 Alonso Fort","North Heath",Yukon,"R7B 5S9"
"Ali Hand",2004-06-27,21,lynn.keeling@hotmail.com,1-635-644-8920,"9026 Sherman Radial",Maeganland,"Northwest Territories","B6S 6J2"
"Joel Homenick",2005-02-28,20,lloyd.rath@yahoo.ca,1-276-647-0449,"33576 Carrol Station",Shamouth,"British Columbia","E1S 9W0"
"Angeles Thiel",2005-02-18,20,ricarda.borer@hotmail.com,1-605-320-4758,"96107 Donnelly Flats","North Bennytown",Quebec,"J1R 7E2"
"Tarra Lockman",2004-11-12,20,dorian.langosh@yahoo.ca,"(620) 787-3177","69073 Lebsack Lock","East Blake","Northwest Territories",P0S5R9
"Wesley Ebert",2004-10-23,20,antoine.bayer@gmail.com,"(669) 362-5500","7621 Cedric Parks",Deanberg,Quebec,P1M1A0
"Trish Mayert",2005-01-08,20,torri.mante@yahoo.ca,318.858.1470,"56109 Gutmann Isle",Jarredhaven,Nunavut,"A6T 6A4"
"Earline Ullrich",2006-07-25,19,marge.stanton@hotmail.com,"(246) 408-9894","78351 Norbert Prairie",Deettafort,Manitoba,"S6E 2P7"
"Susan Swaniawski",2006-05-16,19,rickie.langosh@hotmail.com,"(816) 988-4481","77385 Aufderhar Orchard",Irvingville,"New Brunswick","B5P 7V3"
"Bessie Bartell",2006-06-22,19,florence.cormier@gmail.com,"(671) 799-8553","7504 Beahan Row",Mertzburgh,Yukon,V0P3P1
"Jere Wyman",2006-06-12,19,abdul.sporer@yahoo.ca,1-676-439-8372,"75053 Mandie Curve",Tamarashire,"Nova Scotia","Y8S 0L0"
"Elmo Paucek",2006-06-27,19,jennell.mueller@yahoo.ca,"(994) 600-6697","415 Abbott Lodge","East Emmittburgh",Ontario,"L1R 1S5"
"Cordie Heidenreich",2006-09-25,19,lasandra.keeling@gmail.com,1-395-983-5431,"370 Chester Shore",Rashadside,"Newfoundland and Labrador","V1P 3L6"
"Valorie Hudson",2005-11-20,19,titus.farrell@yahoo.ca,1-277-433-7353,"16601 Crooks Roads",Rolfsonmouth,"Prince Edward Island","P2E 6C9"
"Ayako Kirlin",2005-12-06,19,theo.macgyver@yahoo.ca,613-870-7167,"5715 Trevor Avenue",Borermouth,"Northwest Territories",E6R8S0
"Tegan Aufderhar",2005-11-21,19,carmen.deckow@gmail.com,1-168-783-1800,"74747 Rau Trace",Balistrerimouth,Alberta,"P4E 4W1"
"Breanna Ortiz",2006-12-04,18,veda.herzog@yahoo.ca,1-445-984-6189,"3767 Clemente Path","Lake Johnsonbury","Prince Edward Island",T8E9B4
"Miguel Kessler",2007-06-16,18,chauncey.nikolaus@yahoo.ca,"(534) 509-8172","19683 Wally Vista","New Aleidaborough",Nunavut,"E8N 2S4"
"Yer Willms",2007-05-10,18,coretta.welch@yahoo.ca,1-780-237-5834,"34594 Quigley Village","North Yu",Quebec,"E4J 3X6"
"Christinia West",2007-08-29,18,wyatt.lesch@yahoo.ca,772-509-9870,"4379 Hilll Isle","New Ashleigh",Quebec,S5E6T2
"Shemika Cummerata",2007-07-30,18,joann.doyle@yahoo.ca,"(054) 874-0650","8143 Clair Fords","East Jeni",Ontario,P5V9T0
"Cherryl Hirthe",2007-03-10,18,mellissa.ullrich@gmail.com,916-503-9766,"000 Stiedemann Light","Port Merrillton",Quebec,"Y5N 5A9"
"Rebeca Kirlin",2006-11-27,18,lyla.kertzmann@gmail.com,"(735) 486-7918","8629 Maximo Dale","Port Cathey",Yukon,S7T1W8
"Loriann Quitzon",2007-09-26,18,lennie.parisian@hotmail.com,"(126) 377-0245","479 Genevie Mews",Hermineport,"Nova Scotia","N8V 2Z6"
